sector,co2_factor,ch4_factor,n2o_factor
residential,0.00025,0.0000015,0.0000008
transport,0.00018,0.0000002,0.0000001
industry,0.0012,0.000002,0.0000011
waste,0.00005,0.00002,0.0000003
energy,0.00035,0.0000012,0.0000009
